Feature,Importance
latitude,34.7488757943174
longitude,28.45498539479967
incident_distance,14.593460367192415
location_cluster,12.316188260079183
veh_type,2.2979939116874233
event_cause,2.2430924179773166
hour,1.8323038701474639
month,1.4605360919779171
day_of_week,1.4178994885024125
requires_road_closure,0.4324846542421669
event_type,0.20217974907663097
